age;marital;default;balance;housing;day;month;duration;campaign;pdays;previous;poutcome;y;level
30;married;no;1787;no;19;oct;79;;-1;0;unknown;no;zero
33;married;no;4789;yes;11;may;220;1.0;339;4;failure;no;one
35;single;no;1350;yes;16;apr;185;1.0;330;1;failure;no;two
30;married;no;1476;yes;3;jun;199;4.0;-1;0;unknown;no;two
59;married;no;0;yes;5;may;226;1.0;-1;0;unknown;no;zero
35;single;no;747;no;23;feb;141;2.0;176;3;failure;no;one
36;married;no;307;yes;14;may;341;1.0;330;2;other;no;zero
39;married;no;147;yes;6;may;151;2.0;-1;0;unknown;no;two
41;married;no;221;yes;14;may;57;2.0;-1;0;unknown;no;zero
43;married;no;-88;yes;17;apr;313;1.0;147;2;failure;no;one
39;married;no;9374;yes;20;may;273;1.0;-1;0;unknown;no;zero
43;married;no;264;yes;17;apr;113;2.0;-1;0;unknown;no;two
36;married;no;1109;no;13;aug;328;2.0;-1;0;unknown;no;one
20;single;no;502;no;30;apr;261;1.0;-1;0;unknown;yes;zero
31;married;no;360;yes;29;jan;89;1.0;241;1;failure;no;zero
40;married;no;194;no;29;aug;189;2.0;-1;0;unknown;no;one
56;married;no;4073;no;27;aug;239;5.0;-1;0;unknown;no;zero
37;single;no;2317;yes;20;apr;114;1.0;152;2;failure;no;one
25;single;no;-221;yes;23;may;250;1.0;-1;0;unknown;no;two
31;married;no;132;no;7;jul;148;1.0;152;1;other;no;zero
38;divorced;no;0;yes;18;nov;96;2.0;-1;0;unknown;no;two
42;divorced;no;16;no;19;nov;140;3.0;-1;0;unknown;no;one
44;single;no;106;no;12;jun;109;2.0;-1;0;unknown;no;one
44;married;no;93;no;7;jul;125;2.0;-1;0;unknown;no;two
26;married;no;543;no;30;jan;169;3.0;-1;0;unknown;no;one
41;married;no;5883;no;20;nov;182;2.0;-1;0;unknown;no;one
55;married;no;627;yes;5;may;247;1.0;-1;0;unknown;no;zero
67;married;no;696;no;17;aug;119;1.0;105;2;failure;no;zero
56;married;no;784;no;30;jul;149;2.0;-1;0;unknown;no;zero
53;married;no;105;no;21;aug;74;2.0;-1;0;unknown;no;one
68;divorced;no;4189;no;14;jul;897;2.0;-1;0;unknown;yes;zero
31;married;no;171;no;27;aug;81;3.0;-1;0;unknown;no;one
59;married;no;42;no;21;nov;40;1.0;-1;0;unknown;no;two
32;single;no;2536;yes;26;aug;958;6.0;-1;0;unknown;yes;two
49;married;no;1235;no;13;aug;354;3.0;-1;0;unknown;yes;two
42;divorced;no;1811;yes;14;may;150;1.0;-1;0;unknown;no;two
78;divorced;no;229;no;22;oct;97;1.0;-1;0;unknown;yes;one
32;married;no;2089;yes;14;nov;132;1.0;-1;0;unknown;yes;one
33;married;no;3935;yes;6;may;765;1.0;342;2;failure;yes;two
23;single;no;363;yes;30;may;16;18.0;-1;0;unknown;no;zero
38;single;no;11971;yes;17;nov;609;2.0;101;3;failure;no;zero
36;single;no;553;no;11;aug;106;2.0;-1;0;unknown;no;one
52;married;no;1117;yes;13;may;365;1.0;-1;0;unknown;no;two
32;married;no;396;yes;13;may;205;3.0;-1;0;unknown;no;zero
32;single;no;2204;yes;21;nov;11;4.0;-1;0;unknown;no;zero
34;single;no;872;yes;7;may;105;2.0;-1;0;unknown;no;two
55;married;no;145;no;2;feb;59;3.0;5;2;other;no;two
26;married;no;0;yes;21;may;425;1.0;-1;0;unknown;no;one
32;single;yes;-849;yes;4;feb;204;1.0;-1;0;unknown;no;zero
61;married;no;4629;yes;27;jan;181;1.0;92;1;success;yes;two
45;divorced;no;844;no;5;jun;1018;3.0;-1;0;unknown;yes;two
37;single;no;228;yes;20;aug;1740;2.0;-1;0;unknown;no;two
38;single;no;50;no;29;aug;98;2.0;-1;0;unknown;no;zero
34;married;no;1539;yes;15;jun;441;1.0;56;1;other;yes;zero
53;married;no;2231;yes;14;jul;272;3.0;-1;0;unknown;no;two
48;married;no;3064;yes;15;jul;159;2.0;-1;0;unknown;no;zero
57;married;no;82;no;4;feb;140;1.0;-1;0;unknown;no;zero
33;single;no;2155;no;17;nov;295;1.0;-1;0;unknown;no;zero
36;single;no;101;yes;26;may;314;1.0;-1;0;unknown;no;zero
54;divorced;no;784;yes;15;may;579;1.0;-1;0;unknown;no;two
41;married;no;-516;no;8;jul;554;3.0;-1;0;unknown;no;zero
63;married;no;415;yes;7;oct;323;1.0;-1;0;unknown;no;zero
48;married;no;5887;no;13;aug;227;2.0;-1;0;unknown;no;two
48;married;no;1355;no;4;jul;134;2.0;-1;0;unknown;no;two
56;married;no;16873;no;7;oct;223;1.0;-1;0;unknown;no;one
51;divorced;no;203;yes;8;may;134;1.0;170;5;failure;no;zero
31;married;no;338;yes;28;jan;155;1.0;-1;0;unknown;no;one
29;married;no;444;yes;21;jul;130;4.0;-1;0;unknown;no;zero
41;married;no;0;no;7;jul;630;3.0;-1;0;unknown;no;two
32;single;no;360;no;19;nov;164;2.0;-1;0;unknown;no;one
37;married;no;0;no;16;jul;268;2.0;182;3;success;yes;two
42;divorced;yes;2;yes;5;may;380;1.0;-1;0;unknown;no;one
31;single;no;6248;yes;9;may;154;2.0;-1;0;unknown;no;zero
41;married;no;412;yes;3;jun;154;5.0;-1;0;unknown;no;two
56;married;no;344;yes;15;may;221;1.0;-1;0;unknown;no;zero
54;divorced;no;3222;no;14;aug;67;2.0;-1;0;unknown;no;two
41;divorced;no;174;yes;14;may;367;2.0;297;1;other;no;zero
40;single;no;591;no;14;aug;87;6.0;-1;0;unknown;no;zero
50;divorced;no;388;no;5;feb;701;1.0;-1;0;unknown;no;two
40;married;no;219;yes;17;nov;204;2.0;196;1;failure;no;two
27;divorced;no;451;yes;16;jul;652;1.0;-1;0;unknown;yes;two
60;married;no;5;no;26;aug;63;2.0;-1;0;unknown;no;one
28;single;no;177;yes;6;may;150;1.0;-1;0;unknown;no;two
52;married;no;657;no;7;jul;398;2.0;460;2;failure;yes;one
37;married;no;1315;no;30;jun;224;1.0;-1;0;unknown;yes;zero
51;married;no;1466;yes;7;may;406;2.0;-1;0;unknown;no;one
41;single;no;879;no;7;jul;60;4.0;-1;0;unknown;no;two
35;single;no;293;yes;30;may;521;2.0;-1;0;unknown;no;two
38;married;no;424;yes;17;apr;279;1.0;-1;0;unknown;no;one
34;married;no;1831;yes;20;may;203;2.0;-1;0;unknown;no;one
39;married;no;111;no;18;nov;201;2.0;-1;0;unknown;no;two
34;married;no;455;yes;20;jun;372;3.0;-1;0;unknown;no;two
27;single;no;-195;yes;18;may;391;1.0;-1;0;unknown;yes;zero
32;single;no;3616;no;14;aug;165;2.0;-1;0;unknown;no;one
57;married;no;14093;no;11;aug;231;5.0;-1;0;unknown;no;two
41;single;no;1567;no;1;jul;291;2.0;-1;0;unknown;no;one
41;married;no;5426;yes;14;may;149;2.0;-1;0;unknown;no;two
30;single;no;261;no;19;oct;233;1.0;137;20;failure;no;two
36;divorced;no;2843;no;12;feb;473;1.0;182;1;success;no;two
31;single;no;406;no;4;feb;736;1.0;-1;0;unknown;yes;two
36;married;no;0;yes;6;may;337;1.0;-1;0;unknown;no;zero
38;single;no;493;yes;11;may;553;1.0;367;7;failure;no;two
49;married;no;5996;no;21;nov;345;2.0;-1;0;unknown;no;two
57;single;no;3777;yes;13;may;65;2.0;-1;0;unknown;no;one
34;single;no;524;no;13;aug;9;1.0;-1;0;unknown;no;two
32;single;no;574;yes;14;apr;259;2.0;145;3;failure;no;one
37;married;no;427;yes;9;jun;371;3.0;-1;0;unknown;no;two
33;married;no;483;yes;3;feb;280;2.0;-1;0;unknown;no;one
56;married;no;3391;no;21;apr;243;1.0;-1;0;unknown;yes;two
27;married;no;0;yes;23;jul;435;3.0;-1;0;unknown;no;one
21;single;no;2488;no;30;jun;258;6.0;169;3;success;yes;zero
58;married;no;1517;yes;29;jul;7;5.0;-1;0;unknown;no;two
32;married;no;217;yes;15;jul;317;5.0;-1;0;unknown;no;two
33;single;no;22;no;30;jan;76;2.0;207;1;failure;no;two
25;single;no;331;no;26;aug;170;4.0;-1;0;unknown;yes;two
25;single;no;505;no;17;nov;386;2.0;-1;0;unknown;yes;one
30;married;no;1808;yes;18;may;83;2.0;-1;0;unknown;no;one
22;single;no;4111;no;19;aug;65;1.0;-1;0;unknown;no;one
39;married;no;52;no;13;aug;69;1.0;-1;0;unknown;no;one
46;divorced;no;25;no;17;jun;564;2.0;-1;0;unknown;no;two
31;divorced;no;1890;yes;21;jul;588;1.0;-1;0;unknown;no;one
45;married;no;419;no;18;aug;113;4.0;-1;0;unknown;no;two
32;married;no;2693;yes;21;may;16;1.0;-1;0;unknown;no;zero
36;married;no;-231;no;15;jul;779;2.0;-1;0;unknown;no;one
51;single;yes;-55;yes;11;may;281;2.0;266;6;failure;no;two
34;single;no;462;no;21;aug;1877;3.0;-1;0;unknown;yes;two
24;single;no;119;no;15;sep;51;1.0;-1;0;unknown;no;two
45;single;no;586;no;28;jul;32;3.0;-1;0;unknown;no;two
32;single;no;228;no;5;feb;176;1.0;288;3;failure;no;zero
77;divorced;no;4659;no;14;apr;161;1.0;-1;0;unknown;yes;zero
41;married;no;168;yes;18;nov;187;3.0;-1;0;unknown;no;one
37;married;no;0;yes;26;may;24;1.0;-1;0;unknown;no;two
43;married;yes;-715;yes;30;may;67;3.0;-1;0;unknown;no;zero
48;married;no;0;yes;8;may;85;1.0;168;2;failure;no;one
27;single;no;769;yes;9;may;317;2.0;-1;0;unknown;no;zero
33;single;no;0;no;28;aug;236;10.0;-1;0;unknown;no;two
29;single;no;428;yes;7;may;54;1.0;345;2;failure;no;two
34;single;no;0;no;5;feb;71;1.0;-1;0;unknown;no;two
52;married;no;-970;yes;4;feb;489;1.0;-1;0;unknown;yes;two
60;married;no;6313;no;19;jun;39;2.0;-1;0;unknown;no;two
32;divorced;no;948;no;12;aug;204;2.0;-1;0;unknown;no;two
32;single;no;0;yes;22;jul;455;2.0;-1;0;unknown;no;zero
56;divorced;no;1877;yes;30;may;86;1.0;-1;0;unknown;no;zero
31;single;no;874;yes;18;nov;190;2.0;-1;0;unknown;no;two
42;married;no;323;yes;8;may;280;2.0;-1;0;unknown;no;one
35;married;no;106;no;11;aug;588;2.0;-1;0;unknown;no;zero
56;married;no;1906;no;19;jun;45;9.0;-1;0;unknown;no;zero
48;married;no;1152;yes;21;jul;168;5.0;-1;0;unknown;no;one
46;married;no;179;yes;29;jan;194;4.0;436;1;other;no;zero
37;single;no;391;yes;8;may;103;3.0;-1;0;unknown;no;one
41;married;no;89;yes;6;may;333;2.0;-1;0;unknown;no;one
36;single;no;442;yes;29;jul;102;3.0;-1;0;unknown;no;two
45;divorced;yes;-249;yes;1;jul;92;1.0;-1;0;unknown;no;two
55;married;no;8104;no;6;feb;213;2.0;-1;0;unknown;no;one
39;married;no;501;no;26;may;289;1.0;-1;0;unknown;no;two
35;divorced;no;308;no;22;aug;77;2.0;-1;0;unknown;no;one
55;married;no;602;no;1;jun;324;3.0;90;2;success;yes;two
55;married;no;273;yes;29;jan;84;3.0;183;3;failure;no;two
27;single;no;50;no;29;jan;168;1.0;-1;0;unknown;no;zero
34;married;no;1641;yes;17;apr;380;1.0;-1;0;unknown;no;one
34;married;no;20;no;4;oct;10;1.0;-1;0;unknown;no;one
25;single;no;4590;yes;28;may;199;2.0;-1;0;unknown;no;zero
41;single;no;-256;no;9;may;35;3.0;-1;0;unknown;no;zero
43;married;no;978;yes;26;may;82;2.0;-1;0;unknown;no;two
28;single;no;80;no;20;oct;676;2.0;146;2;failure;yes;zero
31;single;no;2104;yes;3;jun;455;1.0;-1;0;unknown;no;one
78;married;no;499;no;16;mar;80;4.0;-1;0;unknown;no;one
45;divorced;no;1269;yes;29;jan;549;2.0;-1;0;unknown;no;zero
48;married;no;310;no;6;may;135;1.0;-1;0;unknown;no;two
32;single;no;1143;yes;10;jul;412;1.0;-1;0;unknown;no;one
42;married;no;2980;no;20;jun;101;3.0;-1;0;unknown;no;two
37;single;no;37;no;28;jan;253;2.0;-1;0;unknown;no;zero
40;single;no;462;yes;6;apr;272;1.0;335;4;other;no;zero
32;married;no;1031;yes;17;jul;84;1.0;-1;0;unknown;no;two
42;married;no;9009;no;20;nov;135;2.0;-1;0;unknown;no;one
43;married;no;-465;yes;23;jul;166;1.0;-1;0;unknown;no;zero
44;married;no;5181;yes;31;jul;18;7.0;-1;0;unknown;no;two
37;married;no;176;yes;5;may;147;2.0;347;1;failure;no;two
37;married;no;1699;no;9;jun;63;1.0;-1;0;unknown;no;one
37;married;no;0;yes;17;nov;65;2.0;119;1;failure;no;zero
28;single;no;172;yes;2;feb;194;2.0;-1;0;unknown;no;two
32;single;no;0;no;11;jul;333;2.0;-1;0;unknown;no;one
34;single;no;6979;yes;15;may;14;5.0;-1;0;unknown;no;one
40;divorced;no;6;no;11;jun;140;1.0;-1;0;unknown;no;one
34;married;no;-62;yes;16;jun;109;3.0;-1;0;unknown;no;two
34;married;no;1972;yes;23;jul;61;2.0;-1;0;unknown;no;one
34;married;no;899;yes;19;nov;377;3.0;7;4;success;no;two
37;single;no;21;yes;2;feb;96;1.0;271;2;other;no;zero
36;married;no;23;yes;8;may;152;2.0;347;1;failure;no;one
56;married;no;-1206;yes;15;jun;382;2.0;-1;0;unknown;yes;two
49;married;no;0;yes;23;jul;97;6.0;-1;0;unknown;no;zero
33;married;no;215;yes;29;jul;543;12.0;-1;0;unknown;no;zero
30;single;no;1372;no;20;nov;240;2.0;-1;0;unknown;no;one
36;married;no;1981;no;17;jun;48;2.0;-1;0;unknown;no;zero
23;single;no;9216;no;5;jun;471;2.0;-1;0;unknown;no;one
57;divorced;no;39;yes;30;jul;354;3.0;-1;0;unknown;no;one
27;single;no;5563;yes;30;may;435;2.0;-1;0;unknown;no;one
38;married;no;1;no;21;nov;152;2.0;-1;0;unknown;no;two
42;married;no;782;no;3;apr;285;1.0;-1;0;unknown;no;one
75;married;no;3771;no;15;apr;185;1.0;181;2;success;yes;one
34;single;no;992;yes;4;may;301;1.0;88;2;success;no;two
48;married;no;1526;no;6;aug;273;2.0;-1;0;unknown;no;zero
35;single;no;2658;yes;19;aug;768;2.0;141;3;failure;yes;two
39;divorced;no;1315;yes;19;nov;1337;4.0;126;1;failure;no;two
29;single;no;455;no;21;apr;403;1.0;-1;0;unknown;yes;zero
45;single;no;0;yes;18;nov;139;2.0;-1;0;unknown;no;two
42;married;no;2030;yes;9;jul;196;1.0;-1;0;unknown;no;two
29;married;no;1599;yes;8;jul;115;1.0;61;1;failure;no;zero
38;single;no;-196;yes;2;feb;60;1.0;271;1;failure;no;one
56;married;no;1333;no;28;aug;17;14.0;-1;0;unknown;no;zero
36;single;no;9149;yes;13;aug;141;3.0;-1;0;unknown;no;two
25;single;no;-350;yes;23;jun;95;3.0;-1;0;unknown;no;zero
38;married;no;432;yes;15;may;10;2.0;373;1;other;no;zero
57;married;no;11494;no;19;nov;198;1.0;-1;0;unknown;no;two
31;married;yes;-253;no;12;aug;220;4.0;-1;0;unknown;no;two
42;married;no;372;yes;3;aug;654;2.0;-1;0;unknown;yes;one
45;married;no;1410;no;11;aug;71;2.0;-1;0;unknown;no;two
30;married;no;975;yes;13;may;256;2.0;351;2;failure;no;one
49;married;no;305;yes;10;jul;834;10.0;-1;0;unknown;no;zero
49;married;no;400;no;21;aug;151;3.0;-1;0;unknown;no;zero
53;married;no;-22;yes;31;jul;20;3.0;-1;0;unknown;no;zero
37;married;no;4030;yes;26;may;178;5.0;-1;0;unknown;no;zero
49;married;no;365;no;26;may;59;2.0;-1;0;unknown;no;one
41;married;no;204;no;13;aug;111;7.0;-1;0;unknown;no;one
54;married;no;1691;yes;20;nov;186;1.0;-1;0;unknown;no;zero
32;single;no;406;yes;6;may;227;1.0;-1;0;unknown;no;two
33;married;no;-204;no;15;may;297;3.0;-1;0;unknown;no;zero
33;married;no;359;yes;20;apr;210;1.0;242;1;other;no;two
36;married;no;123;yes;18;may;9;1.0;-1;0;unknown;no;one
35;married;no;0;yes;23;sep;112;1.0;62;6;other;no;two
52;married;no;142;no;25;aug;112;6.0;-1;0;unknown;no;two
40;married;no;3571;no;9;jun;222;3.0;-1;0;unknown;no;zero
44;single;no;33;yes;13;may;195;3.0;351;10;failure;no;two
45;single;no;0;yes;26;jul;768;2.0;91;5;success;no;zero
30;single;no;3096;no;26;jan;123;1.0;-1;0;unknown;no;two
48;divorced;yes;20;no;27;aug;145;3.0;-1;0;unknown;no;two
33;married;no;3576;yes;2;apr;124;1.0;308;2;other;no;two
57;married;no;206;yes;5;may;216;3.0;-1;0;unknown;no;zero
57;married;no;7082;no;6;jun;69;3.0;-1;0;unknown;no;two
51;married;no;1634;yes;22;jul;168;4.0;-1;0;unknown;no;one
34;single;no;1;yes;22;jul;483;7.0;-1;0;unknown;no;two
50;married;no;4012;no;19;nov;690;3.0;-1;0;unknown;no;zero
44;married;no;3762;no;28;aug;125;12.0;-1;0;unknown;no;one
27;married;no;-247;yes;4;jun;344;2.0;-1;0;unknown;no;one
50;married;no;606;yes;14;may;673;2.0;-1;0;unknown;no;zero
36;married;no;0;yes;28;jan;60;1.0;250;1;other;no;two
42;married;no;-189;yes;12;may;247;2.0;-1;0;unknown;no;zero
32;single;no;0;no;27;may;123;2.0;-1;0;unknown;no;zero
42;married;no;484;yes;11;jul;144;2.0;-1;0;unknown;no;two
43;married;no;0;no;8;may;9;2.0;172;5;failure;no;one
31;married;no;395;yes;9;feb;155;3.0;-1;0;unknown;no;zero
32;married;no;2349;no;14;aug;134;5.0;-1;0;unknown;no;two
55;divorced;no;410;no;11;jul;221;2.0;-1;0;unknown;no;zero
58;married;no;3401;yes;3;feb;84;3.0;265;2;failure;no;one
46;married;no;222;no;8;aug;71;2.0;-1;0;unknown;no;one
55;married;no;989;yes;23;may;246;4.0;-1;0;unknown;no;one
34;married;no;415;no;23;jul;361;2.0;-1;0;unknown;no;two
28;single;no;16;no;12;aug;119;4.0;-1;0;unknown;no;one
42;divorced;no;7190;yes;29;jul;375;2.0;-1;0;unknown;no;one
29;single;no;482;no;10;jul;1097;3.0;-1;0;unknown;yes;zero
54;married;no;209;yes;25;jul;97;1.0;-1;0;unknown;no;two
32;single;no;0;no;26;aug;181;2.0;-1;0;unknown;no;two
39;single;no;5803;no;2;feb;83;3.0;-1;0;unknown;no;two
53;married;no;624;no;21;jul;180;4.0;-1;0;unknown;no;one
58;married;no;883;no;18;aug;543;1.0;78;2;failure;no;two
40;married;no;1516;yes;23;may;373;1.0;-1;0;unknown;no;one
29;single;no;872;yes;7;may;230;1.0;-1;0;unknown;no;zero
33;married;no;-988;yes;15;jul;83;3.0;-1;0;unknown;no;one
38;single;no;902;yes;31;jul;58;13.0;-1;0;unknown;no;two
56;divorced;no;1007;no;29;jul;88;6.0;-1;0;unknown;no;one
40;married;no;0;yes;2;jun;297;1.0;28;3;failure;no;one
24;single;no;174;yes;18;may;487;1.0;-1;0;unknown;yes;zero
46;married;no;12186;no;20;jun;29;3.0;-1;0;unknown;no;one
35;married;no;524;yes;21;nov;484;4.0;-1;0;unknown;no;zero
35;single;no;0;yes;21;jul;262;4.0;-1;0;unknown;no;one
34;married;no;4;yes;15;may;644;1.0;-1;0;unknown;no;one
35;married;no;11219;no;12;aug;699;2.0;79;1;failure;no;two
38;single;no;0;no;28;aug;247;2.0;-1;0;unknown;no;two
50;married;no;5776;no;18;nov;49;3.0;-1;0;unknown;no;two
51;divorced;no;37;yes;13;may;341;1.0;-1;0;unknown;no;one
59;married;no;593;no;13;may;64;2.0;-1;0;unknown;no;two
32;married;no;1148;yes;20;apr;121;1.0;-1;0;unknown;no;zero
37;single;no;3561;yes;2;jun;98;1.0;-1;0;unknown;no;one
42;divorced;no;63;no;16;may;88;6.0;-1;0;unknown;no;zero
40;married;no;260;no;20;jun;197;6.0;-1;0;unknown;no;two
28;single;no;2269;yes;9;may;331;1.0;-1;0;unknown;no;zero
47;married;no;1060;yes;6;jun;83;3.0;-1;0;unknown;no;two
27;married;no;-220;yes;26;may;138;2.0;-1;0;unknown;no;zero
41;married;no;49;yes;17;jul;312;5.0;-1;0;unknown;no;zero
34;married;no;69;no;4;aug;120;3.0;1;6;success;yes;two
50;married;no;4108;yes;7;aug;526;2.0;-1;0;unknown;yes;one
47;married;no;480;yes;28;may;211;2.0;-1;0;unknown;no;one
53;married;no;4994;no;18;aug;62;6.0;-1;0;unknown;no;two
53;divorced;no;0;yes;15;jul;135;5.0;-1;0;unknown;no;two
47;married;no;3681;no;14;aug;101;2.0;-1;0;unknown;no;two
49;divorced;yes;-701;yes;30;jul;988;2.0;-1;0;unknown;yes;one
29;married;no;451;no;28;jan;451;1.0;-1;0;unknown;no;one
45;divorced;no;-311;yes;23;may;1030;1.0;-1;0;unknown;yes;two
38;married;no;593;yes;24;jul;1484;24.0;-1;0;unknown;yes;zero
32;married;no;759;yes;9;apr;317;5.0;-1;0;unknown;yes;zero
70;divorced;no;4531;no;18;may;445;1.0;-1;0;unknown;no;two
65;divorced;no;1840;no;1;jun;383;2.0;188;5;failure;no;two
56;married;no;345;yes;22;jul;605;1.0;-1;0;unknown;no;one
35;married;no;1287;yes;14;jul;330;2.0;-1;0;unknown;no;one
56;married;no;353;no;25;jul;171;2.0;-1;0;unknown;no;zero
56;married;no;205;no;23;jul;442;2.0;-1;0;unknown;no;one
49;married;no;687;yes;17;apr;772;1.0;-1;0;unknown;yes;two
38;married;no;1147;yes;8;may;249;5.0;-1;0;unknown;no;two
35;married;no;4286;yes;9;may;357;1.0;-1;0;unknown;no;zero
38;married;no;605;no;18;nov;147;2.0;-1;0;unknown;no;one
49;married;no;8545;yes;6;may;199;7.0;167;1;failure;no;one
55;married;no;559;no;28;jan;271;2.0;-1;0;unknown;no;one
43;single;no;2;yes;30;jul;783;3.0;-1;0;unknown;no;two
43;married;no;2;no;20;aug;472;2.0;-1;0;unknown;no;zero
25;single;no;760;yes;27;may;223;3.0;89;2;failure;yes;zero
30;married;no;1317;yes;21;may;395;2.0;-1;0;unknown;no;zero
46;married;no;182;no;4;feb;56;1.0;-1;0;unknown;no;two
50;married;no;276;no;17;jun;641;6.0;-1;0;unknown;no;one
35;married;no;2971;no;4;may;429;4.0;164;2;failure;yes;zero
26;single;no;1064;no;31;may;113;1.0;-1;0;unknown;no;two
45;married;no;1783;no;20;jun;11;11.0;-1;0;unknown;no;zero
37;married;no;-67;no;2;feb;157;1.0;-1;0;unknown;no;one
60;single;no;179;no;29;jul;79;4.0;-1;0;unknown;no;one
38;married;no;1199;no;4;aug;178;1.0;1;1;success;yes;two
47;married;no;214;yes;9;jun;168;1.0;-1;0;unknown;no;one
33;married;no;6699;no;9;nov;425;1.0;462;1;failure;no;two
51;married;no;1760;no;19;nov;162;1.0;-1;0;unknown;no;zero
35;single;no;145;yes;18;jul;799;2.0;-1;0;unknown;yes;one
35;married;no;978;no;29;dec;1370;3.0;209;3;success;yes;two
48;single;no;1150;yes;28;may;357;1.0;-1;0;unknown;no;two
37;married;no;121;no;22;jul;22;6.0;-1;0;unknown;no;two
29;single;no;828;yes;16;apr;215;3.0;321;3;other;no;zero
34;married;no;244;yes;31;jul;56;4.0;-1;0;unknown;no;zero
32;married;no;228;yes;21;jul;1017;6.0;-1;0;unknown;yes;zero
30;single;no;424;no;16;apr;298;4.0;-1;0;unknown;yes;one
47;divorced;no;447;no;7;may;126;1.0;-1;0;unknown;no;one
33;married;no;-195;no;20;sep;9;1.0;-1;0;unknown;no;two
33;single;no;1410;yes;5;feb;8;1.0;254;5;failure;no;one
63;married;no;1084;no;14;oct;201;1.0;183;1;success;no;one
51;divorced;no;10924;no;6;may;106;2.0;-1;0;unknown;no;two
41;married;no;832;yes;21;nov;164;1.0;176;1;failure;no;zero
56;married;no;478;no;5;feb;97;1.0;-1;0;unknown;no;two
60;single;no;0;no;23;jul;151;1.0;-1;0;unknown;no;two
41;single;no;3950;yes;30;may;96;2.0;-1;0;unknown;no;one
37;single;no;504;yes;16;apr;555;1.0;-1;0;unknown;no;one
36;single;no;219;yes;11;may;270;2.0;347;1;failure;no;one
57;married;no;1602;no;29;jul;339;3.0;-1;0;unknown;no;zero
55;married;no;2587;no;4;sep;328;2.0;94;2;success;yes;one
44;married;no;0;yes;16;may;159;1.0;-1;0;unknown;no;two
47;married;no;2303;yes;6;may;323;2.0;364;1;failure;no;one
31;married;no;1660;yes;20;apr;342;1.0;-1;0;unknown;no;two
35;married;yes;32;yes;21;nov;180;1.0;-1;0;unknown;no;zero
39;married;no;278;no;28;jul;60;3.0;-1;0;unknown;no;one
50;married;no;4;no;17;nov;223;1.0;96;2;failure;no;zero
29;married;no;318;yes;18;may;1434;2.0;356;4;failure;no;two
30;single;no;209;yes;6;may;30;2.0;-1;0;unknown;no;two
46;married;no;271;yes;16;may;134;4.0;-1;0;unknown;no;one
27;single;no;3196;no;9;feb;10;2.0;-1;0;unknown;no;zero
48;divorced;no;4099;no;2;apr;397;2.0;-1;0;unknown;yes;one
26;single;no;2572;yes;5;may;620;1.0;-1;0;unknown;no;one
36;single;no;339;no;21;nov;6;6.0;-1;0;unknown;no;two
42;married;no;0;yes;7;may;209;2.0;-1;0;unknown;no;zero
50;married;no;395;yes;15;may;419;2.0;-1;0;unknown;no;two
49;married;no;2039;yes;18;nov;283;2.0;-1;0;unknown;no;zero
45;married;no;5450;no;8;aug;188;2.0;-1;0;unknown;no;two
23;single;no;780;no;16;sep;267;1.0;-1;0;unknown;no;two
38;single;no;0;yes;7;apr;196;2.0;-1;0;unknown;no;zero
32;single;no;8436;yes;17;apr;245;1.0;149;2;failure;no;zero
60;single;no;11262;no;26;aug;323;1.0;-1;0;unknown;yes;one
30;married;no;946;yes;19;nov;1065;1.0;183;1;other;no;one
58;married;no;497;no;11;jun;138;5.0;-1;0;unknown;no;two
60;married;no;55;no;4;jun;207;1.0;-1;0;unknown;no;one
38;married;no;-140;no;25;jun;456;3.0;-1;0;unknown;no;one
51;married;no;-379;yes;5;aug;261;1.0;-1;0;unknown;no;one
42;married;no;-396;yes;11;may;80;1.0;308;4;failure;no;two
30;single;no;0;yes;18;may;131;6.0;363;9;failure;no;zero
40;married;no;733;yes;6;jun;94;7.0;-1;0;unknown;no;two
37;married;no;393;yes;14;may;567;3.0;275;4;failure;yes;one
53;divorced;no;7290;yes;30;may;153;1.0;-1;0;unknown;no;zero
27;single;no;468;yes;13;may;109;1.0;-1;0;unknown;no;one
39;married;no;0;yes;30;apr;53;1.0;325;1;failure;no;zero
39;married;no;3705;yes;16;jun;77;1.0;-1;0;unknown;no;two
59;married;no;9676;no;27;mar;234;2.0;-1;0;unknown;yes;two
37;married;no;1328;yes;13;may;121;2.0;341;4;failure;no;two
41;married;no;8;yes;15;jul;155;2.0;-1;0;unknown;no;two
45;married;no;61;no;17;apr;108;1.0;-1;0;unknown;no;zero
48;married;no;6613;no;17;jun;159;3.0;-1;0;unknown;no;zero
48;married;no;302;yes;26;may;208;3.0;-1;0;unknown;no;one
32;married;no;1005;no;12;may;215;1.0;-1;0;unknown;no;two
35;married;no;109;yes;6;may;597;3.0;-1;0;unknown;no;one
33;single;no;1240;yes;4;feb;505;2.0;260;1;other;no;two
28;single;no;0;yes;3;jun;380;4.0;-1;0;unknown;no;one
64;married;no;2923;no;12;mar;120;1.0;-1;0;unknown;no;zero
35;married;no;0;no;27;aug;106;4.0;-1;0;unknown;no;two
33;married;no;43;yes;14;may;332;2.0;358;2;failure;no;two
41;married;no;288;yes;15;may;221;4.0;-1;0;unknown;no;two
34;married;no;613;yes;4;jun;80;1.0;-1;0;unknown;no;two
37;single;no;6101;no;4;may;60;5.0;87;1;success;no;two
38;married;no;168;yes;13;may;212;3.0;-1;0;unknown;no;one
39;married;no;7685;yes;14;apr;493;3.0;-1;0;unknown;no;zero
35;divorced;no;4515;yes;19;nov;98;2.0;-1;0;unknown;no;one
28;single;no;517;no;8;jul;681;1.0;-1;0;unknown;yes;zero
27;single;no;148;no;22;jul;203;1.0;-1;0;unknown;no;two
48;married;yes;-285;no;19;nov;157;1.0;-1;0;unknown;no;one
50;married;no;887;no;16;jun;287;1.0;-1;0;unknown;no;two
45;married;no;3098;yes;7;aug;159;2.0;-1;0;unknown;no;one
41;married;no;744;yes;14;may;125;1.0;-1;0;unknown;no;one
39;married;no;130;no;8;jul;202;2.0;-1;0;unknown;no;one
44;married;no;438;yes;8;may;37;3.0;303;1;failure;no;two
54;married;no;0;no;28;jan;161;1.0;98;2;failure;yes;two
49;married;no;322;no;6;aug;72;4.0;-1;0;unknown;no;one
34;single;no;186;no;2;feb;342;1.0;-1;0;unknown;no;two
75;divorced;no;3810;yes;16;nov;262;1.0;183;1;failure;yes;two
42;married;no;0;no;13;aug;325;2.0;-1;0;unknown;no;zero
53;married;no;4380;no;19;aug;223;7.0;-1;0;unknown;no;two
49;divorced;no;755;no;31;jul;1212;4.0;-1;0;unknown;yes;one
31;single;no;2070;no;29;aug;319;2.0;-1;0;unknown;no;zero
45;single;no;999;no;29;jan;182;2.0;-1;0;unknown;no;one
39;married;no;167;yes;17;jul;330;1.0;-1;0;unknown;no;two
46;married;no;1322;yes;19;nov;514;1.0;-1;0;unknown;no;two
42;divorced;no;1076;yes;14;may;213;1.0;-1;0;unknown;no;one
37;married;no;502;yes;7;may;551;1.0;351;1;failure;no;two
26;single;no;1216;yes;16;apr;472;2.0;-1;0;unknown;no;zero
37;single;no;876;yes;15;apr;140;4.0;327;2;failure;no;two
36;single;no;342;yes;7;may;142;1.0;-1;0;unknown;no;two
29;single;no;950;yes;4;jun;135;3.0;-1;0;unknown;no;two
36;married;no;973;yes;23;may;293;1.0;-1;0;unknown;no;zero
26;married;no;3825;yes;13;may;107;1.0;-1;0;unknown;no;one
32;married;no;2366;yes;20;may;127;2.0;-1;0;unknown;no;zero
40;married;no;542;yes;20;nov;1816;1.0;-1;0;unknown;no;one
53;married;no;995;no;4;feb;200;3.0;-1;0;unknown;no;zero
29;married;no;20;yes;12;may;418;1.0;-1;0;unknown;no;one
34;single;no;228;yes;22;jul;387;4.0;-1;0;unknown;no;two
43;married;no;130;no;5;may;156;1.0;337;3;failure;no;two
56;married;no;217;no;21;jul;121;2.0;-1;0;unknown;no;two
55;divorced;no;0;no;6;jun;108;2.0;-1;0;unknown;no;one
31;married;no;259;yes;7;may;47;1.0;-1;0;unknown;no;zero
27;single;no;619;yes;20;apr;16;5.0;322;4;other;no;two
36;married;no;644;yes;18;nov;54;2.0;-1;0;unknown;no;one
44;married;no;22;yes;6;aug;265;2.0;-1;0;unknown;no;two
37;divorced;no;4303;yes;23;may;168;1.0;-1;0;unknown;no;two
30;single;no;239;yes;7;may;115;3.0;-1;0;unknown;no;zero
42;single;no;275;no;26;aug;31;8.0;-1;0;unknown;no;one
30;married;no;1221;yes;25;jul;279;4.0;-1;0;unknown;yes;one
62;married;no;816;no;1;sep;28;2.0;-1;0;unknown;no;two
24;married;no;1222;yes;20;apr;369;1.0;-1;0;unknown;no;zero
31;married;no;2363;yes;13;may;247;1.0;-1;0;unknown;no;zero
66;married;no;2262;no;22;apr;155;1.0;-1;0;unknown;no;zero
47;married;no;2;no;10;jul;89;1.0;-1;0;unknown;no;two
39;married;no;2;yes;17;nov;180;1.0;-1;0;unknown;no;one
35;married;no;4508;yes;18;nov;854;1.0;-1;0;unknown;yes;one
35;divorced;no;-402;yes;17;apr;46;1.0;-1;0;unknown;no;two
27;married;no;1577;yes;28;may;266;2.0;-1;0;unknown;no;two
32;married;no;34;yes;5;may;321;2.0;-1;0;unknown;no;zero
44;married;no;795;no;28;aug;99;24.0;-1;0;unknown;no;zero
42;married;no;117;yes;9;may;147;1.0;-1;0;unknown;no;zero
34;single;no;5462;no;30;apr;430;1.0;-1;0;unknown;yes;two
25;single;no;402;no;7;jul;264;1.0;-1;0;unknown;no;one
40;single;no;641;no;16;jul;156;6.0;-1;0;unknown;no;one
43;divorced;no;36;no;26;may;118;1.0;102;2;failure;no;zero
55;married;no;383;no;6;may;343;3.0;-1;0;unknown;no;zero
50;married;no;283;yes;7;aug;226;3.0;-1;0;unknown;no;zero
45;divorced;no;0;no;1;jun;5;1.0;-1;0;unknown;no;one
35;divorced;no;3102;yes;20;nov;138;1.0;-1;0;unknown;no;one
32;married;no;889;yes;10;sep;185;1.0;99;5;success;yes;zero
59;married;no;0;no;3;feb;722;1.0;99;4;failure;no;zero
34;married;no;-370;yes;21;may;748;1.0;-1;0;unknown;no;one
39;married;no;-606;yes;26;may;142;1.0;-1;0;unknown;no;zero
40;single;no;10378;yes;17;nov;523;3.0;-1;0;unknown;no;zero
36;single;no;1313;yes;20;jun;8;10.0;-1;0;unknown;no;two
40;married;no;8969;yes;17;nov;153;1.0;-1;0;unknown;no;zero
55;married;no;-196;yes;20;may;210;2.0;-1;0;unknown;no;zero
38;married;yes;15;yes;10;jul;121;1.0;-1;0;unknown;no;two
61;married;no;4608;no;12;mar;212;1.0;-1;0;unknown;yes;two
41;married;no;666;yes;21;may;253;3.0;-1;0;unknown;no;one
57;married;no;452;yes;13;may;139;4.0;-1;0;unknown;no;two
48;married;no;149;yes;9;may;71;1.0;-1;0;unknown;no;two
77;married;no;7802;no;4;may;421;1.0;92;2;success;yes;two
35;married;no;1453;yes;28;may;199;1.0;-1;0;unknown;no;zero
54;married;no;1480;yes;14;may;108;1.0;-1;0;unknown;no;two
37;single;no;715;yes;20;may;247;2.0;-1;0;unknown;no;one
56;single;no;237;yes;9;jul;236;4.0;-1;0;unknown;no;one
40;married;no;694;yes;4;feb;97;4.0;196;5;failure;no;one
40;married;no;0;no;14;jul;109;8.0;-1;0;unknown;no;one
54;married;no;55;yes;2;jun;112;2.0;-1;0;unknown;no;zero
55;married;no;136;yes;19;jun;15;10.0;-1;0;unknown;no;two
55;divorced;yes;-404;yes;22;jul;502;3.0;-1;0;unknown;no;two
52;married;no;779;yes;16;may;30;3.0;-1;0;unknown;no;one
55;single;no;1187;yes;2;jun;193;2.0;-1;0;unknown;no;two
33;married;no;641;yes;13;aug;347;2.0;-1;0;unknown;no;two
52;married;no;826;yes;15;may;468;2.0;-1;0;unknown;no;two
33;divorced;no;991;yes;27;may;148;1.0;-1;0;unknown;no;one
53;married;no;1796;no;16;mar;295;1.0;91;2;success;yes;two
46;married;no;22;no;26;aug;388;6.0;-1;0;unknown;yes;one
44;single;no;244;yes;12;aug;1735;4.0;-1;0;unknown;yes;two
48;divorced;no;1328;yes;6;may;339;1.0;-1;0;unknown;no;two
50;married;no;7317;yes;13;may;172;1.0;370;1;failure;no;one
34;single;no;4943;yes;19;nov;117;2.0;-1;0;unknown;no;zero
38;single;no;258;no;20;jun;587;2.0;-1;0;unknown;no;two
